q_norm,mode_base,latency_ms,answer_len,n_citations,execution_log,raw_answer,source_file
"Calculate the Operating Efficiency Ratio (Opex ÷ Operating Income) for the last 3 fiscal years, showing the working.",baseline,5464.465,1175.0,10,,"**Answer**  
The only operating‑efficiency information available in the supplied excerpts is the cost‑income ratio for 2022, which is effectively the same as Opex ÷ Operating Income. No figures for 2021 or 2020 (or 2023) are provided.

| Fiscal Year | Operating‑Efficiency Ratio (Opex ÷ Operating Income) |
|-------------|-----------------------------------------------------|
| 2022 | 40 % (reported) – 44 % on an underlying basis* |

\*The “underlying” figure normalises for changes in net interest margin and is also reported in the same excerpt.

**Missing data**

- 2021: No cost‑income ratio, Opex, or operating income figures are quoted.  
- 2020: No cost‑income ratio, Opex, or operating income figures are quoted.  
- 2023: No cost‑income ratio, Opex, or operating income figures are quoted.

**Citations**

- “d cost‑income ratio of the overall business improved by 11 percentage points from the previous year to 40% on the back of higher rates and volumes.” (Context excerpt 1)  
- “On an underlying basis, which normalises for changes in net interest margin, the cost‑income ratio was 44%.” (Context excerpt 1)",data\bench_baseline.json
"Calculate the Operating Efficiency Ratio (Opex ÷ Operating Income) for the last 3 fiscal years, showing the working.",react_agent_cfo,5246.07,1527.0,0,,"**Operating Efficiency Ratio (Opex ÷ Operating Income)**  
*(Operating Efficiency Ratio = Operating Expenses ÷ Operating Income)*  

| Fiscal Year | Operating Expenses (Opex) | Operating Income | Operating Efficiency Ratio |
|-------------|---------------------------|------------------|----------------------------|
| 2022 | SGD 7,090 m | SGD 16,502 m | 0.43 (43 %) |
| 2023 | SGD 8,291 m | SGD 20,162 m | 0.41 (41 %) |
| 2024 | SGD 9,018 m | SGD 22,297 m | 0.40 (40 %) |

**Key Insights / Trends**

1. **Consistent Improvement** – The ratio has fallen from 43 % in 2022 to 40 % in 2024, indicating that operating expenses are growing at a slower pace than operating income.  
2. **Margin Expansion** – A lower ratio reflects better cost control and higher operating leverage, which can enhance profitability if revenue growth continues.  
3. **Strategic Focus** – The trend suggests that the company is successfully implementing efficiency initiatives (e.g., automation, cost‑reduction programs) without compromising revenue generation.

**Citations**

- Operating Expenses (Opex):  
  - 2022: *dbs‑annual‑report‑2022* p. 63, table 49  
  - 2023: *dbs‑annual‑report‑2023* p. 62, table 55  
  - 2024: *dbs‑annual‑report‑2024* p. 61, table 50  

- Operating Income:  
  - 2022: *dbs‑annual‑report‑2022* p. 63, table 49  
  - 2023: *dbs‑annual‑report‑2023* p. 62, table 55  
  - 2024: *dbs‑annual‑report‑2024* p. 14, table 0  

These figures confirm a steady improvement in operating efficiency over the past three fiscal years.",data_marker\bench_react_agent_cfo_parallel.json
"Report the Gross Margin (or Net Interest Margin, if a bank) over the last 5 quarters, with values.",baseline,4713.445,577.5,5,,"**Answer**  
The only quarterly Net Interest Margin (NIM) value that appears in the provided excerpts is for the fourth quarter of 2024, which was 2.05 %. No other quarter‑specific NIM figures are present in the context.

| Quarter | Net Interest Margin |
|---------|---------------------|
| Q4 2024 | 2.05 % (excerpt 1) |

**Missing data**

- Q3 2024, Q2 2024, Q1 2024, and Q4 2023: no quarterly NIM values are quoted in the supplied excerpts.  
- The excerpts do provide half‑year and annual NIM figures (e.g., 2nd Half 2024 = 2.13 %, 2nd Half 2023 = 2.16 %, Year 2024 = 2.13 %, Year 2023 = 2.15 %) but these are not quarter‑specific.",data\bench_baseline.json
"Report the Gross Margin (or Net Interest Margin, if a bank) over the last 5 quarters, with values.",react_agent_cfo,1971.66,1319.0,0,,"**Net Interest Margin (NIM) – DBS Bank (last 5 quarters)**  

| Quarter | NIM (%) | Source |
|---------|---------|--------|
| 2Q 24   | 2.14 | [2Q24_CFO_presentation p.6] |
| 3Q 24   | 2.11 | [3Q24_CFO_presentation p.8] |
| 4Q 24   | 2.15 | [4Q24_CFO_presentation p.6] |
| 1Q 25   | 2.12 | [1Q25_CFO_presentation p.5] |
| 2Q 25   | 2.05 | [2Q25_CFO_presentation p.6] |

**Direct answer**  
The NIM for DBS Bank over the last five quarters is:  
- 2Q 24: **2.14 %**  
- 3Q 24: **2.11 %**  
- 4Q 24: **2.15 %**  
- 1Q 25: **2.12 %**  
- 2Q 25: **2.05 %**

**Key insights / trend**  
- **Fluctuating pattern**: The NIM oscillates between 2.05 % and 2.15 %, with a slight downward drift in the most recent quarter.  
- **Average NIM**: 2.11 % over the five‑quarter period.  
- **Range**: 0.10 % (difference between the highest 2.15 % and lowest 2.05 %).  
- The decline from 2.12 % in 1Q 25 to 2.05 % in 2Q 25 suggests tightening net interest income relative to earning assets, potentially due to interest‑rate dynamics or asset‑liability management.  

**Citations**  
- 2Q 24 NIM: [2Q24_CFO_presentation p.6]  
- 3Q 24 NIM: [3Q24_CFO_presentation p.8]  
- 4Q 24 NIM: [4Q24_CFO_presentation p.6]  
- 1Q 25 NIM: [1Q25_CFO_presentation p.5]  
- 2Q 25 NIM: [2Q25_CFO_presentation p.6]  
- Trend analysis: [SmartTrendAnalyzer]",data_marker\bench_react_agent_cfo_parallel.json
"Show Operating Expenses for the last 3 fiscal years, year-on-year comparison.",baseline,3589.995,979.0,5,,"**Answer**  
The context does not contain a line item explicitly labeled “Operating Expenses.”  
The closest figures available are the “Total expenses” and the “Expenses” line items, which are reported for the last three fiscal years.  Year‑on‑year changes are shown where the data allow.

| Metric | 2024 | 2023 | 2022 | YoY % (2024 vs 2023) | YoY % (2023 vs 2022) |
|--------|------|------|------|----------------------|----------------------|
| **Total expenses** | 9 018.0 | 8 291.0 | 7 090.0 | 8.77 % | 16.94 % |
| **Expenses** (table#7 row#3) | 5 273 | 4 627 | – | 14 % (given) | – |
| **Expenses** (table#159 row#1) | – | 2 489 | 2 254.0 | – | 10.0 % (given) |
| **Other expenses** | – | 3 238.0 | 2 714.0 | – | – |

**Missing data**  
- No “Operating Expenses” line item is present in the excerpts.  
- 2024 “Other expenses” are not reported in the context.  
- 2024 “Expenses” for the 2023‑2022 comparison are not available (only the 2023‑2022 pair from table#159 row#1 is given).  

**Citations**  
- Total expenses: [dbs‑annual‑report‑2024] table#188 row#13, [dbs‑annual‑report‑2023] table#198 row#11, [dbs‑annual‑report‑2022] table#195 row#11.  
- Expenses (table#7 row#3): [dbs‑annual‑report‑2024] table#7 row#3.  
- Expenses (table#159 row#1): [dbs‑annual‑report‑2023] table#159 row#1.  
- Other expenses: [dbs‑annual‑report‑2023] table#198 row#10.",data\bench_baseline.json
"Show Operating Expenses for the last 3 fiscal years, year-on-year comparison.",react_agent_cfo,1408.94,1250.0,0,,"**Operating Expenses – FY 2022 – FY 2024**

| Fiscal Year | Operating Expenses (USD m) | YoY Change |
|-------------|---------------------------|------------|
| 2022 | 7,090.0 | – |
| 2023 | 8,291.0 | **+16.9 %** |
| 2024 | 9,018.0 | **+8.8 %** |

*Sources: [dbs‑annual‑report‑2022 p.63], [dbs‑annual‑report‑2023 p.62], [dbs‑annual‑report‑2024 p.61]*  

### Key Insights & Trends
1. **Consistent Growth** – Operating expenses grew every year, reflecting ongoing investment in operations, technology, and expansion initiatives.  
2. **Acceleration in 2023** – The 2023 year‑on‑year increase of 16.9 % was the largest among the three years, likely driven by higher capital expenditures and cost‑intensive initiatives.  
3. **Moderation in 2024** – The 2024 increase slowed to 8.8 %, suggesting a more controlled spend profile and possibly the stabilization of previously accelerated investments.  
4. **Strategic Implications** – While the absolute expense levels are rising, the deceleration in growth rate may indicate improved cost‑management or a shift toward more efficient operating models.  

These figures provide a clear view of the company’s operating cost trajectory and can inform budgeting, forecasting, and strategic planning discussions.",data_marker\bench_react_agent_cfo_parallel.json
