(cid:38)(cid:75)(cid:68)(cid:81)(cid:74)(cid:72)(cid:86)(cid:3)(cid:76)(cid:81)(cid:3)(cid:40)(cid:57)(cid:40)(cid:3)(cid:68)(cid:81)(cid:71)(cid:3)(cid:49)(cid:918)(cid:918)(cid:3)(cid:88)(cid:81)(cid:71)(cid:72)(cid:85)(cid:3)(cid:86)(cid:87)(cid:68)(cid:81)(cid:71)(cid:68)(cid:85)(cid:71)(cid:76)(cid:86)(cid:72)(cid:71)(cid:3)(cid:76)(cid:81)(cid:87)(cid:72)(cid:85)(cid:72)(cid:86)(cid:87)(cid:3)(cid:85)(cid:68)(cid:87)(cid:72)(cid:3)(cid:86)(cid:75)(cid:82)(cid:70)(cid:78)(cid:3)(cid:86)(cid:70)(cid:72)(cid:81)(cid:68)(cid:85)(cid:76)(cid:82)(cid:86),,
,(cid:353)(cid:354)(cid:40)(cid:57)(cid:40),(cid:353)(cid:354)(cid:49)(cid:918)(cid:918)
(cid:51)(cid:72)(cid:85)(cid:76)(cid:82)(cid:71),,
(cid:51)(cid:68)(cid:85)(cid:68)(cid:79)(cid:79)(cid:72)(cid:79)(cid:3)(cid:88)(cid:83),,(cid:11)(cid:20)(cid:15)(cid:24)(cid:21)(cid:23)(cid:12)
(cid:51)(cid:68)(cid:85)(cid:68)(cid:79)(cid:79)(cid:72)(cid:79)(cid:3)(cid:71)(cid:82)(cid:90)(cid:81),(cid:11)(cid:23)(cid:15)(cid:28)(cid:21)(cid:19)(cid:12),
(cid:54)(cid:87)(cid:72)(cid:72)(cid:83)(cid:72)(cid:81)(cid:72)(cid:85),"(cid:11)(cid:23)(cid:27)(cid:19)(cid:12)
(cid:11)(cid:26)(cid:28)(cid:25)(cid:12)",
,,
(cid:54)(cid:75)(cid:82)(cid:85)(cid:87)(cid:3)(cid:85)(cid:68)(cid:87)(cid:72)(cid:3)(cid:88)(cid:83),,
(cid:54)(cid:75)(cid:82)(cid:85)(cid:87)(cid:3)(cid:85)(cid:68)(cid:87)(cid:72)(cid:3)(cid:71)(cid:82)(cid:90)(cid:81),,
,,
(cid:55)(cid:76)(cid:72)(cid:85)(cid:3)(cid:20)(cid:3)(cid:38)(cid:68)(cid:83)(cid:76)(cid:87)(cid:68)(cid:79),,
(cid:51)(cid:72)(cid:85)(cid:76)(cid:82)(cid:71),(cid:24)(cid:25)(cid:15)(cid:20)(cid:27)(cid:21)(cid:98)(cid:98),
(cid:55)(cid:76)(cid:72)(cid:85)(cid:3)(cid:20)(cid:3)(cid:38)(cid:68)(cid:83)(cid:76)(cid:87)(cid:68)(cid:79),,
